{
  "threshold": 0.15000000000000002,
  "train": {
    "ROC-AUC": 0.7646020477636788,
    "PR-AUC": 0.4197115182084978,
    "brier_score": 0.1194702684879303,
    "precision": 0.28137209890655596,
    "recall": 0.774018944519621,
    "confusion_matrix": [
      [
        235053,
        153394
      ],
      [
        17535,
        60060
      ]
    ]
  },
  "val": {
    "ROC-AUC": 0.7031086858689606,
    "PR-AUC": 0.3365533083200795,
    "brier_score": 0.1384151130914688,
    "precision": 0.2728793227876495,
    "recall": 0.725231004496974,
    "confusion_matrix": [
      [
        193926,
        149115
      ],
      [
        21202,
        55961
      ]
    ]
  },
  "test": {
    "ROC-AUC": 0.6871411762930006,
    "PR-AUC": 0.2991451854546059,
    "brier_score": 0.13211455941200256,
    "precision": 0.25086555326774956,
    "recall": 0.6778208192532762,
    "confusion_matrix": [
      [
        211563,
        147351
      ],
      [
        23454,
        49344
      ]
    ]
  }
}