{
  "threshold": 0.15000000000000002,
  "train": {
    "ROC-AUC": 0.700094281580566,
    "PR-AUC": 0.31196057850198267,
    "brier_score": 0.12867557817019185,
    "precision": 0.25228885988257055,
    "recall": 0.7049294413299826,
    "confusion_matrix": [
      [
        226335,
        162112
      ],
      [
        22896,
        54699
      ]
    ]
  },
  "val": {
    "ROC-AUC": 0.7021628623988165,
    "PR-AUC": 0.3398624437572836,
    "brier_score": 0.13806344730912615,
    "precision": 0.2722113245751946,
    "recall": 0.7247644596503505,
    "confusion_matrix": [
      [
        193519,
        149522
      ],
      [
        21238,
        55925
      ]
    ]
  },
  "test": {
    "ROC-AUC": 0.6878734210075416,
    "PR-AUC": 0.299665033687905,
    "brier_score": 0.13179436594868787,
    "precision": 0.2527564385275746,
    "recall": 0.6770378307096349,
    "confusion_matrix": [
      [
        213203,
        145711
      ],
      [
        23511,
        49287
      ]
    ]
  }
}