{
  "threshold": 0.18000000000000002,
  "train": {
    "ROC-AUC": 1.0,
    "PR-AUC": 1.0,
    "brier_score": 0.018267516876161374,
    "precision": 0.9625738103508162,
    "recall": 1.0,
    "confusion_matrix": [
      [
        385430,
        3017
      ],
      [
        0,
        77595
      ]
    ]
  },
  "val": {
    "ROC-AUC": 0.6840443743899787,
    "PR-AUC": 0.31653134987251597,
    "brier_score": 0.1402222280130603,
    "precision": 0.2651594283253219,
    "recall": 0.6941539338802276,
    "confusion_matrix": [
      [
        194601,
        148440
      ],
      [
        23600,
        53563
      ]
    ]
  },
  "test": {
    "ROC-AUC": 0.6658642776826823,
    "PR-AUC": 0.28082889164049263,
    "brier_score": 0.13372833486213032,
    "precision": 0.24107347656548667,
    "recall": 0.6496744416055387,
    "confusion_matrix": [
      [
        210024,
        148890
      ],
      [
        25503,
        47295
      ]
    ]
  }
}