{
  "threshold": 0.15000000000000002,
  "train": {
    "ROC-AUC": 0.7014660152142602,
    "PR-AUC": 0.31284769572861715,
    "brier_score": 0.12850053485723092,
    "precision": 0.24991890078344065,
    "recall": 0.7247889683613635,
    "confusion_matrix": [
      [
        219654,
        168793
      ],
      [
        21355,
        56240
      ]
    ]
  },
  "val": {
    "ROC-AUC": 0.7096220470170289,
    "PR-AUC": 0.34675236074186605,
    "brier_score": 0.13725236569070684,
    "precision": 0.27505798221878625,
    "recall": 0.7377369983022951,
    "confusion_matrix": [
      [
        193007,
        150034
      ],
      [
        20237,
        56926
      ]
    ]
  },
  "test": {
    "ROC-AUC": 0.6969862734520312,
    "PR-AUC": 0.3111924363839681,
    "brier_score": 0.13033703743068575,
    "precision": 0.25450878795593296,
    "recall": 0.7003763839665925,
    "confusion_matrix": [
      [
        209569,
        149345
      ],
      [
        21812,
        50986
      ]
    ]
  }
}