{
  "threshold": 0.18000000000000002,
  "train": {
    "ROC-AUC": 1.0,
    "PR-AUC": 1.0,
    "brier_score": 0.018316089322421587,
    "precision": 0.9664823256856737,
    "recall": 1.0,
    "confusion_matrix": [
      [
        385756,
        2691
      ],
      [
        0,
        77595
      ]
    ]
  },
  "val": {
    "ROC-AUC": 0.6822114592680206,
    "PR-AUC": 0.3155617950495593,
    "brier_score": 0.14039853618718529,
    "precision": 0.26341852098079854,
    "recall": 0.698352837499838,
    "confusion_matrix": [
      [
        192360,
        150681
      ],
      [
        23276,
        53887
      ]
    ]
  },
  "test": {
    "ROC-AUC": 0.6604055947907481,
    "PR-AUC": 0.2742104192416503,
    "brier_score": 0.1342312379549329,
    "precision": 0.23892011332019036,
    "recall": 0.6475864721558284,
    "confusion_matrix": [
      [
        208740,
        150174
      ],
      [
        25655,
        47143
      ]
    ]
  }
}