{
  "threshold": 0.14,
  "train": {
    "ROC-AUC": 0.762361205777031,
    "PR-AUC": 0.4169432283757256,
    "brier_score": 0.11987174302339554,
    "precision": 0.2676903308705429,
    "recall": 0.8054513821766867,
    "confusion_matrix": [
      [
        217471,
        170976
      ],
      [
        15096,
        62499
      ]
    ]
  },
  "val": {
    "ROC-AUC": 0.7096878292315643,
    "PR-AUC": 0.3433120515218063,
    "brier_score": 0.137693390250206,
    "precision": 0.27578218910750874,
    "recall": 0.7343934269014942,
    "confusion_matrix": [
      [
        194228,
        148813
      ],
      [
        20495,
        56668
      ]
    ]
  },
  "test": {
    "ROC-AUC": 0.6969110535596392,
    "PR-AUC": 0.3069364428445131,
    "brier_score": 0.13099558651447296,
    "precision": 0.25275411642043555,
    "recall": 0.7059671969010137,
    "confusion_matrix": [
      [
        206975,
        151939
      ],
      [
        21405,
        51393
      ]
    ]
  }
}