{
  "threshold": 0.15000000000000002,
  "train": {
    "ROC-AUC": 0.6953774683526743,
    "PR-AUC": 0.30736191376629807,
    "brier_score": 0.12914535732690735,
    "precision": 0.24907957569350783,
    "recall": 0.7044783813390038,
    "confusion_matrix": [
      [
        223647,
        164800
      ],
      [
        22931,
        54664
      ]
    ]
  },
  "val": {
    "ROC-AUC": 0.7000979155943785,
    "PR-AUC": 0.3389687711536906,
    "brier_score": 0.13825002770626474,
    "precision": 0.26981951327051923,
    "recall": 0.7296243018026775,
    "confusion_matrix": [
      [
        190683,
        152358
      ],
      [
        20863,
        56300
      ]
    ]
  },
  "test": {
    "ROC-AUC": 0.6870014184829297,
    "PR-AUC": 0.3014333134117426,
    "brier_score": 0.1314630077160219,
    "precision": 0.2507763819598886,
    "recall": 0.6877386741393995,
    "confusion_matrix": [
      [
        209336,
        149578
      ],
      [
        22732,
        50066
      ]
    ]
  }
}