{
  "threshold": 0.18000000000000002,
  "train": {
    "ROC-AUC": 1.0,
    "PR-AUC": 1.0,
    "brier_score": 0.018258741057672914,
    "precision": 0.959930227379568,
    "recall": 1.0,
    "confusion_matrix": [
      [
        385208,
        3239
      ],
      [
        0,
        77595
      ]
    ]
  },
  "val": {
    "ROC-AUC": 0.6931930620758848,
    "PR-AUC": 0.3265972894696157,
    "brier_score": 0.13906787036772617,
    "precision": 0.27437076851516873,
    "recall": 0.6879981338206135,
    "confusion_matrix": [
      [
        202639,
        140402
      ],
      [
        24075,
        53088
      ]
    ]
  },
  "test": {
    "ROC-AUC": 0.678268127236227,
    "PR-AUC": 0.2914925452307767,
    "brier_score": 0.13245778644096062,
    "precision": 0.24966399260783737,
    "recall": 0.6532322316547158,
    "confusion_matrix": [
      [
        215996,
        142918
      ],
      [
        25244,
        47554
      ]
    ]
  }
}