{
  "threshold": 0.16,
  "train": {
    "ROC-AUC": 0.7604928239782416,
    "PR-AUC": 0.41368618539551294,
    "brier_score": 0.12007427960634232,
    "precision": 0.29058434979940834,
    "recall": 0.7393002126425672,
    "confusion_matrix": [
      [
        248397,
        140050
      ],
      [
        20229,
        57366
      ]
    ]
  },
  "val": {
    "ROC-AUC": 0.7019460470138067,
    "PR-AUC": 0.33618126130659887,
    "brier_score": 0.13850530982017517,
    "precision": 0.2808965029203942,
    "recall": 0.6893200108860464,
    "confusion_matrix": [
      [
        206873,
        136168
      ],
      [
        23973,
        53190
      ]
    ]
  },
  "test": {
    "ROC-AUC": 0.686646462385155,
    "PR-AUC": 0.29850962884362764,
    "brier_score": 0.1321393847465515,
    "precision": 0.25924500947920154,
    "recall": 0.6386576554300942,
    "confusion_matrix": [
      [
        226067,
        132847
      ],
      [
        26305,
        46493
      ]
    ]
  }
}